Date,CounterParty,Reference,Type,Amount,Balance,Category,Notes
01/04/2024,Sandy?s Folkestone,Sandy?s Folkestone,APPLE PAY,-22,6238.27,EATING_OUT,
01/04/2024,Floc Brewing,Floc Brewing Ltd,CONTACTLESS,-25.4,6260.27,ENTERTAINMENT,
02/04/2024,Octopus Energy,A-D9C3D096-001,DIRECT DEBIT,-200,5058.28,BILLS_AND_SERVICES,
02/04/2024,Southern Water,4522424248,DIRECT DEBIT,-27.55,5030.73,BILLS_AND_SERVICES,
02/04/2024,Affinity Water,21629907,DIRECT DEBIT,-36,6202.27,GENERAL,
02/04/2024,Barclays Woolwich Mortgages,9741622200,DIRECT DEBIT,-2500,5502.27,HOME,
02/04/2024,Shepway District Council,14577983,DIRECT DEBIT,-243.99,5258.28,HOME,
04/04/2024,Tesco,TESCO STORES 5226,APPLE PAY,-1.6,5029.13,GROCERIES,
04/04/2024,Tesco,Tesco S/MKTS,APPLE PAY,-8.29,5020.84,GROCERIES,
05/04/2024,Gousto,GOUSTO,CARD SUBSCRIPTION,-47.98,4972.86,GROCERIES,
07/04/2024,Co-op Food,CO-OP GROUP 310344,APPLE PAY,-1.59,4971.27,GROCERIES,
07/04/2024,Sandgate Deli Limi,SQ *SANDGATE DELI LIMI,APPLE PAY,-3.9,4967.37,GROCERIES,
07/04/2024,Sandgate Deli Limi,SQ *SANDGATE DELI LIMI,APPLE PAY,-8.6,4958.77,GROCERIES,
08/04/2024,Screwfix,SCREWFIX DIR LTD,APPLE PAY,-14.28,3687.39,DIY,
08/04/2024,Orchard Lane Coffee Ho,ORCHARD LANE COFFEE HO,APPLE PAY,-7.1,4951.67,EATING_OUT,
10/04/2024,Puddle Ducks East Kent Ashford,PUDDLE DUCKS EAST KENT,CARD SUBSCRIPTION,-68,3613.89,CHILDREN,
12/04/2024,Gousto,GOUSTO,CARD SUBSCRIPTION,-47.98,3565.91,GROCERIES,
14/04/2024,Folkestone Butchers,FOLKESTONE BUTCHERS,APPLE PAY,-70,3495.91,GROCERIES,
15/04/2024,Dunelm Softfurnishings,Dunelm SoftFurnishings,APPLE PAY,-100.5,3395.41,GENERAL,
19/04/2024,Gousto,GOUSTO,CARD SUBSCRIPTION,-46.98,3830.63,GROCERIES,
19/04/2024,Vinted,MGP*Vinted 91786289,APPLE PAY,-6.33,3877.61,SHOPPING,
22/04/2024,Little Switzer,Zettle_*Little Switzer,APPLE PAY,-17.2,3813.43,HOLIDAYS,
26/04/2024,Dunelm Softfurnishings,Dunelm SoftFurnishings,APPLE PAY,8,7048.46,GENERAL,
26/04/2024,Dunelm Softfurnishings,Dunelm SoftFurnishings,APPLE PAY,4.5,7052.96,GENERAL,
27/04/2024,Johnstones Dec Centre Ashford,JOHNSTONES DEC CENTRE,APPLE PAY,-47.9,6069.66,GENERAL,
27/04/2024,Dunelm Softfurnishings,Dunelm SoftFurnishings,APPLE PAY,18,6037.66,GENERAL,
27/04/2024,Dunelm Softfurnishings,Dunelm SoftFurnishings,APPLE PAY,18,6055.66,GENERAL,
27/04/2024,Vinted,MGP*Vinted 92588974,APPLE PAY,-7.79,6117.56,SHOPPING,
30/04/2024,Folkestone Butchers,FOLKESTONE BUTCHERS,APPLE PAY,-19.99,7813.51,GROCERIES,
30/04/2024,Amazon* 204--23,AMAZON* 204-6289810-79,ONLINE PAYMENT,-7.16,7833.5,SHOPPING,
01/05/2024,Southern Water,4522424248,DIRECT DEBIT,-27.55,7797.1,BILLS_AND_SERVICES,
01/05/2024,Octopus Energy,A-D9C3D096-001,DIRECT DEBIT,-200,7597.1,BILLS_AND_SERVICES,
01/05/2024,Affinity Water,21629907,DIRECT DEBIT,-36,7561.1,GENERAL,
01/05/2024,Barclays Woolwich Mortgages,9741622200,DIRECT DEBIT,-2500,5061.1,HOME,
01/05/2024,Shepway District Council,14577983,DIRECT DEBIT,-238,4823.1,HOME,
02/05/2024,Leas Cliff Hall Folke,"LEAS CLIFF HALL, FOLKE",APPLE PAY,-8.1,4815,EATING_OUT,
03/05/2024,Gousto,GOUSTO,CARD SUBSCRIPTION,-47.98,4767.02,GROCERIES,
08/05/2024,RingGo Parking,RINGGO PARKING,ONLINE PAYMENT,-18.4,4748.62,TRANSPORT,
09/05/2024,Amazon* 203-,WWW.AMAZON* 204-427454,ONLINE PAYMENT,-7.36,4738.76,SHOPPING,
10/05/2024,Puddle Ducks East Kent Ashford,PUDDLE DUCKS EAST KENT,CARD SUBSCRIPTION,-72,4666.76,CHILDREN,
10/05/2024,Screwfix,SCREWFIX DIR LTD,APPLE PAY,-29.99,4588.79,DIY,
10/05/2024,Gousto,GOUSTO,CARD SUBSCRIPTION,-47.98,4618.78,GROCERIES,
11/05/2024,Fhdc,FHDC,ONLINE PAYMENT,-157.09,4431.7,BILLS_AND_SERVICES,
11/05/2024,Honest Johns,HONEST JOHNS,APPLE PAY,-8.8,4422.9,EATING_OUT,
13/05/2024,Amazon* 203-,WWW.AMAZON* 204-395248,ONLINE PAYMENT,-9.99,4412.91,SHOPPING,
15/05/2024,Amazon* 203-,WWW.AMAZON* 204-148060,ONLINE PAYMENT,-8.99,4403.92,SHOPPING,
15/05/2024,Amazon* 203-,WWW.AMAZON* 204-746627,ONLINE PAYMENT,-6.49,4397.43,SHOPPING,
17/05/2024,Gousto,GOUSTO,CARD SUBSCRIPTION,-47.98,4349.45,GROCERIES,
18/05/2024,Fhdc,FHDC,ONLINE PAYMENT,-156,4193.45,BILLS_AND_SERVICES,
19/05/2024,Peter's Fish Factory R Ramsgate,Peter's Fish Factory R,APPLE PAY,-3.15,4150.3,EATING_OUT,
19/05/2024,Peter's Fish Factory R Ramsgate,Peter's Fish Factory R,APPLE PAY,-1.6,4148.7,EATING_OUT,
22/05/2024,Hermes,Hermes Parcelnet Ltd T,APPLE PAY,-3.49,4145.21,CLOTHES,
24/05/2024,Gousto,GOUSTO,CARD SUBSCRIPTION,-47.98,4097.23,GROCERIES,
26/05/2024,Foodhub,FoodHub,APPLE PAY,-19.86,4077.37,EATING_OUT,
28/05/2024,Screwfix,SCREWFIX DIR LTD,APPLE PAY,-10.77,4825.64,DIY,
29/05/2024,Sumup *canoe Wild,SumUp  *Canoe Wild Ltd,APPLE PAY,-26,4254.04,LIFESTYLE,
31/05/2024,Gousto,GOUSTO,CARD SUBSCRIPTION,-47.98,6656.06,GROCERIES,
03/06/2024,Southern Water,4522424248,DIRECT DEBIT,-27.55,4111.86,BILLS_AND_SERVICES,
03/06/2024,Octopus Energy,A-D9C3D096-001,DIRECT DEBIT,-200,3911.86,BILLS_AND_SERVICES,
03/06/2024,Affinity Water,21629907,DIRECT DEBIT,-36,4139.41,GENERAL,
03/06/2024,Barclays Woolwich Mortgages,9741622200,DIRECT DEBIT,-2500,4175.41,HOME,
03/06/2024,Shepway District Council,14577983,DIRECT DEBIT,-238,3673.86,HOME,
06/06/2024,RingGo Parking,RINGGO PARKING,ONLINE PAYMENT,-20,3653.86,TRANSPORT,
09/06/2024,Folkestone Butchers,FOLKESTONE BUTCHERS,APPLE PAY,-28.99,3617.09,GROCERIES,
09/06/2024,Vinted,MGP*Vinted 97105927,APPLE PAY,-7.78,3646.08,SHOPPING,
10/06/2024,Puddle Ducks East Kent Ashford,PUDDLE DUCKS EAST KENT,CARD SUBSCRIPTION,-72,3532.24,CHILDREN,
10/06/2024,Rachel Leigh B,Zettle_*Rachel Leigh B,CONTACTLESS,-7.85,3604.24,EATING_OUT,
10/06/2024,Abbotts Amusements,Abbotts Amusements,APPLE PAY,-5,3713.74,ENTERTAINMENT,
10/06/2024,Sumup *j. Close Studi,SumUp  *J. Close Studi,CONTACTLESS,-5,3612.09,SHOPPING,
12/06/2024,Screwfix,SCREWFIX DIR LTD,APPLE PAY,-19.49,3638.55,DIY,
12/06/2024,Wickes,WICKES FOLKESTONE,APPLE PAY,-19,3619.55,DIY,
14/06/2024,RingGo Parking,RINGGO PARKING,ONLINE PAYMENT,-8,3611.55,TRANSPORT,
16/06/2024,Nanosoft,WWW.NANOSOFT.CO.UK,ONLINE PAYMENT,-25.17,8936.38,LIFESTYLE,
17/06/2024,Screwfix,SCREWFIX DIR LTD,APPLE PAY,-31.47,9383.38,DIY,
17/06/2024,Min's Premier,Min's Premier,APPLE PAY,-4.04,8932.34,GROCERIES,
17/06/2024,Will Brown Juniors,Will Brown Juniors,APPLE PAY,-9.5,8922.84,GROCERIES,
17/06/2024,Vinted,MGP*Vinted 97860421,APPLE PAY,-7.99,8914.85,SHOPPING,
18/06/2024,Western Eye Pharmacy,WESTERN EYE PHARMACY,APPLE PAY,-9.9,9373.48,BILLS_AND_SERVICES,
19/06/2024,American Express,34127316350,DIRECT DEBIT,-5199.61,4173.87,BILLS_AND_SERVICES,
19/06/2024,Screwfix,SCREWFIX DIR LTD,CONTACTLESS,6.99,4178.36,DIY,
19/06/2024,RingGo Parking,RINGGO PARKING,ONLINE PAYMENT,-8,4170.36,TRANSPORT,
23/06/2024,Folkestone Butchers,FOLKESTONE BUTCHERS,APPLE PAY,-50,3816.21,GROCERIES,
23/06/2024,Folkestone Wholefoods,FOLKESTONE WHOLEFOODS,APPLE PAY,-4.15,3866.21,SHOPPING,
27/06/2024,Asda,ASDA STORES,CHIP & PIN,-16.99,3736.72,GROCERIES,
27/06/2024,RingGo Parking,RINGGO PARKING,ONLINE PAYMENT,-8,3728.72,TRANSPORT,
28/06/2024,Virgin Media,7.73832E+11,DIRECT DEBIT,-2.39,3726.33,BILLS_AND_SERVICES,
28/06/2024,Kent and Canterbury Hospital,EAST KENT HOSPITALS UN,APPLE PAY,-2.3,8224.03,BILLS_AND_SERVICES,
30/06/2024,The Sandwich Shop,THE SANDWICH SHOP,APPLE PAY,-10,8194.03,EATING_OUT,
